<?xml version="1.0" encoding="UTF-8"?>
    <addon id="repository.mavic" name="mavic" version="1.0.7" provider-name="mavicpro">
        <requires>
            <import addon="xbmc.addon" version="12.0.0"/>
        </requires>
        <extension point="xbmc.addon.repository" name="mavic">
            <info compressed="false">https://raw.githubusercontent.com/mavicpro/mavicrepo/_repo/addons.xml</info>
            <checksum>https://raw.githubusercontent.com/mavicpro/mavicrepo/_repo/addons.xml.md5</checksum>
            <datadir zip="true">https://raw.githubusercontent.com/mavicpro/mavicrepo/_repo/</datadir>
            <hashes>false</hashes>
        </extension>
        <extension point="xbmc.addon.metadata">
            <summary>Mavic Repo para Kodi</summary>
            <description>Instala el Addon Mavic para Kodi y disfruta de sus contenidos multimedia. Más info en http://addonmavic.blogspot.com.es.</description>
            <platform>all</platform>
    </extension>
</addon>