
<?xml version="1.0" encoding="UTF-8" standalone="yes"?>
<addon id="repository.mavic" name="Mavic official Repo" version="1.1.0" provider-name="Mavic">
	<extension point="xbmc.addon.repository" name="Kodi Mavic official Repo">
		<info compressed="false">https://raw.githubusercontent.com/mavicpro/mavicrepo/master/addons.xml</info>
		<checksum>https://raw.githubusercontent.com/mavicpro/mavicrepo/master/addons.xml.md5</checksum>
		<datadir zip="true">https://raw.githubusercontent.com/mavicpro/mavicrepo/master</datadir>
	</extension>
	<extension point="xbmc.addon.metadata">
		<summary>Mavic Repo para Kodi</summary>
   		<description lang="en">Instala los Addons Mavic para Kodi.</description>
		<disclaimer></disclaimer>
		<platform>all</platform>
	</extension>
</addon>